Workbook

Sheet Dashboard
B2: IPO PERFORMANCE DASHBOARD — MISSED 10D
B4: Time Frame | C4: Window (days) | D4: # Stocks | E4: Avg Total Return % | F4: Annualised CAGR % | G4: Median Return %
B5: 1 Month | C5: 30 | D5: =COUNTA(listings_1_months_missed10d!B2:B71) -> 70 | E5: =listings_1_months_missed10d!G72 -> 44.838 | F5: =listings_1_months_missed10d!G73 -> 8965.7551 | G5: =listings_1_months_missed10d!G74 -> 8.72
B6: 45 Days | C6: 45 | D6: =COUNTA(listings_45_days_missed10d!B2:B71) -> 70 | E6: =listings_45_days_missed10d!G72 -> 46.942143 | F6: =listings_45_days_missed10d!G73 -> 2168.5208 | G6: =listings_45_days_missed10d!G74 -> 10.64
B7: 2 Months | C7: 60 | D7: =COUNTA(listings_2_months_missed10d!B2:B71) -> 70 | E7: =listings_2_months_missed10d!G72 -> 51.324286 | F7: =listings_2_months_missed10d!G73 -> 1142.9229 | G7: =listings_2_months_missed10d!G74 -> 17.44
B8: 4 Months | C8: 130 | D8: =COUNTA(listings_4_months_missed10d!B2:B71) -> 70 | E8: =listings_4_months_missed10d!G72 -> 51.431857 | F8: =listings_4_months_missed10d!G73 -> 253.31396 | G8: =listings_4_months_missed10d!G74 -> 25.945
B9: 6 Months | C9: 180 | D9: =COUNTA(listings_6_months_missed10d!B2:B71) -> 70 | E9: =listings_6_months_missed10d!G72 -> 54.17 | F9: =listings_6_months_missed10d!G73 -> 140.5592 | G9: =listings_6_months_missed10d!G74 -> 27.835
B10: 1 Year | C10: 365 | D10: =COUNTA(listings_1_year_missed10d!B2:B71) -> 70 | E10: =listings_1_year_missed10d!G72 -> 79.602143 | F10: =listings_1_year_missed10d!G73 -> 79.602143 | G10: =listings_1_year_missed10d!G74 -> 50.75
B12: Note: Avg Total Return % is simple average across all stocks for the holding window. CAGR annualises that return to a per-year rate. Data sourced from the corresponding listings_*_missed10d tabs.

Sheet listings_1_months_missed10d
A1: # | B1: Ticker | C1: Name | D1: Listing_Date | E1: Window_End | F1: 1 months | G1: Total_Return_%
A2: =ROW()-1 -> 1 | B2: PPL | C2: People's Power Limited | D2: 2022-10-26 | E2: 2022-11-26 | F2: 1 months | G2: 0.48
A3: =ROW()-1 -> 2 | B3: SPHL | C3: Sayapatri Hydropower Limited | D3: 2022-10-27 | E3: 2022-11-27 | F3: 1 months | G3: 19.94
A4: =ROW()-1 -> 3 | B4: SIKLES | C4: Sikles Hydropower Limited | D4: 2022-11-25 | E4: 2022-12-25 | F4: 1 months | G4: -0.46
A5: =ROW()-1 -> 4 | B5: EHPL | C5: Eastern Hydropower Limited | D5: 2022-12-24 | E5: 2023-01-24 | F5: 1 months | G5: 31.68
A6: =ROW()-1 -> 5 | B6: PHCL | C6: Peoples Hydropower Company Limited | D6: 2022-12-24 | E6: 2023-01-24 | F6: 1 months | G6: 90.24
A7: =ROW()-1 -> 6 | B7: SHLB | C7: Shrijanshil Laghubitta Bittiya Sanstha Limited | D7: 2022-12-30 | E7: 2023-01-30 | F7: 1 months | G7: 18.97
A8: =ROW()-1 -> 7 | B8: BHPL | C8: Barahi Hydropower Public Limited | D8: 2023-01-14 | E8: 2023-02-14 | F8: 1 months | G8: 61.03
A9: =ROW()-1 -> 8 | B9: SMHL | C9: Super Madi Hydropower Limited | D9: 2023-03-15 | E9: 2023-04-15 | F9: 1 months | G9: 0.72
A10: =ROW()-1 -> 9 | B10: SPL | C10: Shuvam Power Limited | D10: 2023-03-17 | E10: 2023-04-17 | F10: 1 months | G10: -3.1
A11: =ROW()-1 -> 10 | B11: MKHC | C11: Maya Khola Hydropower Company Limited | D11: 2023-04-01 | E11: 2023-05-01 | F11: 1 months | G11: -16.25
A12: =ROW()-1 -> 11 | B12: AHL | C12: Asian Hydropower Limited | D12: 2023-04-02 | E12: 2023-05-02 | F12: 1 months | G12: -11.95
A13: =ROW()-1 -> 12 | B13: KDL | C13: Kalinchowk Darshan Limited | D13: 2023-04-02 | E13: 2023-05-02 | F13: 1 months | G13: 258.52
... A71: =ROW()-1 -> 70 | B71: SABBL | C71: Salapa Bikas Bank Limited | D71: 2026-02-26 | E71: 2026-03-26 | F71: 1 months | G71: 187.94
F72: Avg Return % | G72: =AVERAGE(G2:G71) -> 44.838
F73: CAGR | G73: =((1+G72/100)^(365/30)-1)*100 -> 8965.7551
F74: Median | G74: =MEDIAN(G2:G71) -> 8.72
E76: Negative Returns | F76: 27

Sheet listings_45_days_missed10d
A1: # | B1: Ticker | C1: Name | D1: Listing_Date | E1: Window_End | F1: 45 days | G1: Total_Return_%
A2: =ROW()-1 -> 1 | B2: PPL | C2: People's Power Limited | D2: 2022-10-26 | E2: 2022-12-10 | F2: 45 days | G2: -4.05
A3: =ROW()-1 -> 2 | B3: SPHL | C3: Sayapatri Hydropower Limited | D3: 2022-10-27 | E3: 2022-12-11 | F3: 45 days | G3: 11.64
A4: =ROW()-1 -> 3 | B4: SIKLES | C4: Sikles Hydropower Limited | D4: 2022-11-25 | E4: 2023-01-09 | F4: 45 days | G4: 24.76
A5: =ROW()-1 -> 4 | B5: EHPL | C5: Eastern Hydropower Limited | D5: 2022-12-24 | E5: 2023-02-07 | F5: 45 days | G5: 52.1
A6: =ROW()-1 -> 5 | B6: PHCL | C6: Peoples Hydropower Company Limited | D6: 2022-12-24 | E6: 2023-02-07 | F6: 45 days | G6: 90.49
A7: =ROW()-1 -> 6 | B7: SHLB | C7: Shrijanshil Laghubitta Bittiya Sanstha Limited | D7: 2022-12-30 | E7: 2023-02-13 | F7: 45 days | G7: 13.31
A8: =ROW()-1 -> 7 | B8: BHPL | C8: Barahi Hydropower Public Limited | D8: 2023-01-14 | E8: 2023-02-28 | F8: 45 days | G8: 50.19
A9: =ROW()-1 -> 8 | B9: SMHL | C9: Super Madi Hydropower Limited | D9: 2023-03-15 | E9: 2023-04-29 | F9: 45 days | G9: 3.02
A10: =ROW()-1 -> 9 | B10: SPL | C10: Shuvam Power Limited | D10: 2023-03-17 | E10: 2023-05-01 | F10: 45 days | G10: -6.99
A11: =ROW()-1 -> 10 | B11: MKHC | C11: Maya Khola Hydropower Company Limited | D11: 2023-04-01 | E11: 2023-05-16 | F11: 45 days | G11: -22.08
A12: =ROW()-1 -> 11 | B12: AHL | C12: Asian Hydropower Limited | D12: 2023-04-02 | E12: 2023-05-17 | F12: 45 days | G12: -19.85
A13: =ROW()-1 -> 12 | B13: KDL | C13: Kalinchowk Darshan Limited | D13: 2023-04-02 | E13: 2023-05-17 | F13: 45 days | G13: 240.5
... A71: =ROW()-1 -> 70 | B71: SABBL | C71: Salapa Bikas Bank Limited | D71: 2026-02-26 | E71: 2026-04-12 | F71: 45 days | G71: 171.86
F72: Avg Return % | G72: =AVERAGE(G2:G71) -> 46.942143
F73: CAGR | G73: =((1+G72/100)^(365/45)-1)*100 -> 2168.5208
F74: Median | G74: =MEDIAN(G2:G71) -> 10.64
E76: Negative Returns | F76: 27

Sheet listings_2_months_missed10d
A1: # | B1: Ticker | C1: Name | D1: Listing_Date | E1: Window_End | F1: 2 months | G1: Total_Return_%
A2: =ROW()-1 -> 1 | B2: PPL | C2: People's Power Limited | D2: 2022-10-26 | E2: 2022-12-26 | F2: 2 months | G2: -3.43
A3: =ROW()-1 -> 2 | B3: SPHL | C3: Sayapatri Hydropower Limited | D3: 2022-10-27 | E3: 2022-12-27 | F3: 2 months | G3: 16.43
A4: =ROW()-1 -> 3 | B4: SIKLES | C4: Sikles Hydropower Limited | D4: 2022-11-25 | E4: 2023-01-25 | F4: 2 months | G4: 27.75
A5: =ROW()-1 -> 4 | B5: EHPL | C5: Eastern Hydropower Limited | D5: 2022-12-24 | E5: 2023-02-24 | F5: 2 months | G5: 45.63
A6: =ROW()-1 -> 5 | B6: PHCL | C6: Peoples Hydropower Company Limited | D6: 2022-12-24 | E6: 2023-02-24 | F6: 2 months | G6: 76.59
A7: =ROW()-1 -> 6 | B7: SHLB | C7: Shrijanshil Laghubitta Bittiya Sanstha Limited | D7: 2022-12-30 | E7: 2023-02-28 | F7: 2 months | G7: -13.73
A8: =ROW()-1 -> 7 | B8: BHPL | C8: Barahi Hydropower Public Limited | D8: 2023-01-14 | E8: 2023-03-14 | F8: 2 months | G8: 46.48
A9: =ROW()-1 -> 8 | B9: SMHL | C9: Super Madi Hydropower Limited | D9: 2023-03-15 | E9: 2023-05-15 | F9: 2 months | G9: -2.38
A10: =ROW()-1 -> 9 | B10: SPL | C10: Shuvam Power Limited | D10: 2023-03-17 | E10: 2023-05-17 | F10: 2 months | G10: -7.51
A11: =ROW()-1 -> 10 | B11: MKHC | C11: Maya Khola Hydropower Company Limited | D11: 2023-04-01 | E11: 2023-06-01 | F11: 2 months | G11: -24.36
A12: =ROW()-1 -> 11 | B12: AHL | C12: Asian Hydropower Limited | D12: 2023-04-02 | E12: 2023-06-02 | F12: 2 months | G12: -17.9
A13: =ROW()-1 -> 12 | B13: KDL | C13: Kalinchowk Darshan Limited | D13: 2023-04-02 | E13: 2023-06-02 | F13: 2 months | G13: 245.85
... A71: =ROW()-1 -> 70 | B71: SABBL | C71: Salapa Bikas Bank Limited | D71: 2026-02-26 | E71: 2026-04-26 | F71: 2 months | G71: 156.46
F72: Avg Return % | G72: =AVERAGE(G2:G71) -> 51.324286
F73: CAGR | G73: =((1+G72/100)^(365/60)-1)*100 -> 1142.9229
F74: Median | G74: =MEDIAN(G2:G71) -> 17.44
E76: Negative Returns | F76: 28

Sheet listings_4_months_missed10d
A1: # | B1: Ticker | C1: Name | D1: Listing_Date | E1: Window_End | F1: 4 months | G1: Total_Return_%
A2: =ROW()-1 -> 1 | B2: PPL | C2: People's Power Limited | D2: 2022-10-26 | E2: 2023-02-26 | F2: 4 months | G2: 47.62
A3: =ROW()-1 -> 2 | B3: SPHL | C3: Sayapatri Hydropower Limited | D3: 2022-10-27 | E3: 2023-02-27 | F3: 4 months | G3: 43.22
A4: =ROW()-1 -> 3 | B4: SIKLES | C4: Sikles Hydropower Limited | D4: 2022-11-25 | E4: 2023-03-25 | F4: 4 months | G4: 26.36
A5: =ROW()-1 -> 4 | B5: EHPL | C5: Eastern Hydropower Limited | D5: 2022-12-24 | E5: 2023-04-24 | F5: 4 months | G5: 27.02
A6: =ROW()-1 -> 5 | B6: PHCL | C6: Peoples Hydropower Company Limited | D6: 2022-12-24 | E6: 2023-04-24 | F6: 4 months | G6: 57.56
A7: =ROW()-1 -> 6 | B7: SHLB | C7: Shrijanshil Laghubitta Bittiya Sanstha Limited | D7: 2022-12-30 | E7: 2023-04-30 | F7: 4 months | G7: -38.2
A8: =ROW()-1 -> 7 | B8: BHPL | C8: Barahi Hydropower Public Limited | D8: 2023-01-14 | E8: 2023-05-14 | F8: 4 months | G8: 22.1
A9: =ROW()-1 -> 8 | B9: SMHL | C9: Super Madi Hydropower Limited | D9: 2023-03-15 | E9: 2023-07-15 | F9: 4 months | G9: 3.05
A10: =ROW()-1 -> 9 | B10: SPL | C10: Shuvam Power Limited | D10: 2023-03-17 | E10: 2023-07-17 | F10: 4 months | G10: 42.71
A11: =ROW()-1 -> 10 | B11: MKHC | C11: Maya Khola Hydropower Company Limited | D11: 2023-04-01 | E11: 2023-08-01 | F11: 4 months | G11: -28.72
A12: =ROW()-1 -> 11 | B12: AHL | C12: Asian Hydropower Limited | D12: 2023-04-02 | E12: 2023-08-02 | F12: 4 months | G12: -18.47
A13: =ROW()-1 -> 12 | B13: KDL | C13: Kalinchowk Darshan Limited | D13: 2023-04-02 | E13: 2023-08-02 | F13: 4 months | G13: 344.86
... A71: =ROW()-1 -> 70 | B71: SABBL | C71: Salapa Bikas Bank Limited | D71: 2026-02-26 | E71: 2026-05-10 | F71: 4 months | G71: 111.29
F72: Avg Return % | G72: =AVERAGE(G2:G71) -> 51.431857
F73: CAGR | G73: =((1+G72/100)^(365/120)-1)*100 -> 253.31396
F74: Median | G74: =MEDIAN(G2:G71) -> 25.945
E76: Negative Returns | F76: 20

Sheet listings_6_months_missed10d
A1: # | B1: Ticker | C1: Name | D1: Listing_Date | E1: Window_End | F1: 6 months | G1: Total_Return_%
A2: =ROW()-1 -> 1 | B2: PPL | C2: People's Power Limited | D2: 2022-10-26 | E2: 2023-04-26 | F2: 6 months | G2: 37.14
A3: =ROW()-1 -> 2 | B3: SPHL | C3: Sayapatri Hydropower Limited | D3: 2022-10-27 | E3: 2023-04-27 | F3: 6 months | G3: 26
A4: =ROW()-1 -> 3 | B4: SIKLES | C4: Sikles Hydropower Limited | D4: 2022-11-25 | E4: 2023-05-25 | F4: 6 months | G4: 16.77
A5: =ROW()-1 -> 4 | B5: EHPL | C5: Eastern Hydropower Limited | D5: 2022-12-24 | E5: 2023-06-24 | F5: 6 months | G5: 13.88
A6: =ROW()-1 -> 5 | B6: PHCL | C6: Peoples Hydropower Company Limited | D6: 2022-12-24 | E6: 2023-06-24 | F6: 6 months | G6: 68.29
A7: =ROW()-1 -> 6 | B7: SHLB | C7: Shrijanshil Laghubitta Bittiya Sanstha Limited | D7: 2022-12-30 | E7: 2023-06-30 | F7: 6 months | G7: -35.88
A8: =ROW()-1 -> 7 | B8: BHPL | C8: Barahi Hydropower Public Limited | D8: 2023-01-14 | E8: 2023-07-14 | F8: 6 months | G8: 18.98
A9: =ROW()-1 -> 8 | B9: SMHL | C9: Super Madi Hydropower Limited | D9: 2023-03-15 | E9: 2023-09-15 | F9: 6 months | G9: -16.32
A10: =ROW()-1 -> 9 | B10: SPL | C10: Shuvam Power Limited | D10: 2023-03-17 | E10: 2023-09-17 | F10: 6 months | G10: 73.64
A11: =ROW()-1 -> 10 | B11: MKHC | C11: Maya Khola Hydropower Company Limited | D11: 2023-04-01 | E11: 2023-10-01 | F11: 6 months | G11: -33.33
A12: =ROW()-1 -> 11 | B12: AHL | C12: Asian Hydropower Limited | D12: 2023-04-02 | E12: 2023-10-02 | F12: 6 months | G12: -12.67
A13: =ROW()-1 -> 12 | B13: KDL | C13: Kalinchowk Darshan Limited | D13: 2023-04-02 | E13: 2023-10-02 | F13: 6 months | G13: 287.56
... A71: =ROW()-1 -> 70 | B71: SABBL | C71: Salapa Bikas Bank Limited | D71: 2026-02-26 | E71: 2026-05-10 | F71: 6 months | G71: 111.29
F72: Avg Return % | G72: =AVERAGE(G2:G71) -> 54.17
F73: CAGR | G73: =((1+G72/100)^(365/180)-1)*100 -> 140.5592
F74: Median | G74: =MEDIAN(G2:G71) -> 27.835
E76: Negative Returns | F76: 16

Sheet listings_1_year_missed10d
A1: # | B1: Ticker | C1: Name | D1: Listing_Date | E1: Window_End | F1: 1 year | G1: Total_Return_%
A2: =ROW()-1 -> 1 | B2: PPL | C2: People's Power Limited | D2: 2022-10-26 | E2: 2023-10-26 | F2: 1 year | G2: 6.19
A3: =ROW()-1 -> 2 | B3: SPHL | C3: Sayapatri Hydropower Limited | D3: 2022-10-27 | E3: 2023-10-27 | F3: 1 year | G3: 52.19
A4: =ROW()-1 -> 3 | B4: SIKLES | C4: Sikles Hydropower Limited | D4: 2022-11-25 | E4: 2023-11-25 | F4: 1 year | G4: 7
A5: =ROW()-1 -> 4 | B5: EHPL | C5: Eastern Hydropower Limited | D5: 2022-12-24 | E5: 2023-12-24 | F5: 1 year | G5: 18.25
A6: =ROW()-1 -> 5 | B6: PHCL | C6: Peoples Hydropower Company Limited | D6: 2022-12-24 | E6: 2023-12-24 | F6: 1 year | G6: 48.78
A7: =ROW()-1 -> 6 | B7: SHLB | C7: Shrijanshil Laghubitta Bittiya Sanstha Limited | D7: 2022-12-30 | E7: 2023-12-30 | F7: 1 year | G7: -53.28
A8: =ROW()-1 -> 7 | B8: BHPL | C8: Barahi Hydropower Public Limited | D8: 2023-01-14 | E8: 2024-01-14 | F8: 1 year | G8: 32.18
A9: =ROW()-1 -> 8 | B9: SMHL | C9: Super Madi Hydropower Limited | D9: 2023-03-15 | E9: 2024-03-15 | F9: 1 year | G9: 24.2
A10: =ROW()-1 -> 9 | B10: SPL | C10: Shuvam Power Limited | D10: 2023-03-17 | E10: 2024-03-17 | F10: 1 year | G10: 16.98
A11: =ROW()-1 -> 10 | B11: MKHC | C11: Maya Khola Hydropower Company Limited | D11: 2023-04-01 | E11: 2024-04-01 | F11: 1 year | G11: 10.51
A12: =ROW()-1 -> 11 | B12: AHL | C12: Asian Hydropower Limited | D12: 2023-04-02 | E12: 2024-04-02 | F12: 1 year | G12: 5.23
A13: =ROW()-1 -> 12 | B13: KDL | C13: Kalinchowk Darshan Limited | D13: 2023-04-02 | E13: 2024-04-02 | F13: 1 year | G13: 272.31
... A71: =ROW()-1 -> 70 | B71: SABBL | C71: Salapa Bikas Bank Limited | D71: 2026-02-26 | E71: 2026-05-10 | F71: 1 year | G71: 111.29
F72: Avg Return % | G72: =AVERAGE(G2:G71) -> 79.602143
F73: CAGR | G73: =((1+G72/100)^(365/365)-1)*100 -> 79.602143
F74: Median | G74: =MEDIAN(G2:G71) -> 50.75
E76: Negative Returns | F76: 5
