Workbook

Sheet Dashboard
B2: IPO PERFORMANCE DASHBOARD
B4: Time Frame | C4: Window (days) | D4: # Stocks | E4: Avg Total Return % | F4: Annualised CAGR % | G4: Median Return %
B5: 1 Month | C5: 30 | D5: =COUNTA('1_months'!B2:B71) -> 70 | E5: ='1_months'!I72 -> 109.87536 | F5: ='1_months'!I73 -> 826314.16 | G5: ='1_months'!I74 -> 29.47
B6: 45 Days | C6: 45 | D6: =COUNTA('45_days'!B2:B71) -> 70 | E6: ='45_days'!I72 -> 140.26698 | F6: ='45_days'!I73 -> 122319.9 | G6: ='45_days'!I74 -> 34.82
B7: 2 Months | C7: 60 | D7: =COUNTA('2_months'!B2:B71) -> 70 | E7: ='2_months'!I72 -> 119.11186 | F7: ='2_months'!I73 -> 11713.65 | G7: ='2_months'!I74 -> 40.615
B8: 4 Months | C8: 120 | D8: =COUNTA('4 months '!B2:B71) -> 70 | E8: ='4 months '!I72 -> 126.13686 | F8: ='4 months '!I73 -> 1096.4087 | G8: ='4 months '!I74 -> 61.415
B9: 6 Months | C9: 180 | D9: =COUNTA('6_months'!B2:B71) -> 70 | E9: ='6_months'!I72 -> 118.98814 | F9: ='6_months'!I73 -> 390.11425 | G9: ='6_months'!I74 -> 64.795
B10: 1 Year | C10: 365 | D10: =COUNTA('1_year'!B2:B71) -> 70 | E10: ='1_year'!I72 -> 151.74643 | F10: ='1_year'!I73 -> 151.74643 | G10: ='1_year'!I74 -> 83.465
B12: Note: Avg Total Return % is simple average across all stocks for the holding window. CAGR annualises that return to a per-year rate.

Sheet 1_months
A1: # | B1: Ticker | C1: Name | D1: Listing_Date | E1: Window_End | F1: Listing_price | G1: End_price | H1: Time Frame | I1: Total_Return_%
A2: =ROW()-1 -> 1 | B2: PPL | C2: People's Power Limited | D2: 44850 | E2: 44881 | F2: 255.7 | G2: 203 | H2: 1 months | I2: -20.61
A3: =ROW()-1 -> 2 | B3: SPHL | C3: Sayapatri Hydropower Limited | D3: 44851 | E3: 44882 | F3: 214.2 | G3: 347.8 | H3: 1 months | I3: 62.37
A4: =ROW()-1 -> 3 | B4: SIKLES | C4: Sikles Hydropower Limited | D4: 44880 | E4: 44910 | F4: 321 | G4: 374.3 | H4: 1 months | I4: 16.6
A5: =ROW()-1 -> 4 | B5: EHPL | C5: Eastern Hydropower Limited | D5: 44909 | E5: 44940 | F5: 237.6 | G5: 414.9 | H5: 1 months | I5: 70.03
A6: =ROW()-1 -> 5 | B6: PHCL | C6: Peoples Hydropower Company Limited | D6: 44909 | E6: 44940 | F6: 270 | G6: 297 | H6: 1 months | I6: 0
A7: =ROW()-1 -> 6 | B7: SHLB | C7: Shrijanshil Laghubitta Bittiya Sanstha Limited | D7: 44915 | E7: 44946 | F7: 996.6 | G7: 2320.1 | H7: 1 months | I7: 127.77
A8: =ROW()-1 -> 7 | B8: BHPL | C8: Barahi Hydropower Public Limited | D8: 44930 | E8: 44961 | F8: 213.7 | G8: 567 | H8: 1 months | I8: 168.13
A9: =ROW()-1 -> 8 | B9: SMHL | C9: Super Madi Hydropower Limited | D9: 44990 | E9: 45021 | F9: 328.9 | G9: 380 | H9: 1 months | I9: 15.54
A10: =ROW()-1 -> 9 | B10: SPL | C10: Shuvam Power Limited | D10: 44992 | E10: 45023 | F10: 291.5 | G10: 515 | H10: 1 months | I10: 83.22
A11: =ROW()-1 -> 10 | B11: MKHC | C11: Maya Khola Hydropower Company Limited | D11: 45007 | E11: 45038 | F11: 292 | G11: 275 | H11: 1 months | I11: -2.57
A12: =ROW()-1 -> 11 | B12: AHL | C12: Asian Hydropower Limited | D12: 45008 | E12: 45039 | F12: 328.6 | G12: 376 | H12: 1 months | I12: 14.42
A13: =ROW()-1 -> 12 | B13: KDL | C13: Kalinchowk Darshan Limited | D13: 45008 | E13: 45039 | F13: 139.7 | G13: 888.5 | H13: 1 months | I13: 536.01
... A49: =ROW()-1 -> 48 | B49: VLUCL | C49: Vision Lumbini Urja Company Limited | D49: 45281 | E49: 45312 | F49: 401.8 | G49: 541 | H49: 1 months | I49: 34.64
A50: =ROW()-1 -> 49 | B50: HRL | C50: Himalayan Reinsurance Limited | D50: 45299 | E50: 45359 | F50: 340.1 | G50: 689 | H50: 2 months
A51: =ROW()-1 -> 50 | B51: SARBTM | C51: Sarbottam Cement Limited | D51: 45370 | E51: 45401 | F51: 611.6 | G51: 818 | H51: 1 months | I51: 27.99
A52: =ROW()-1 -> 51 | B52: GMLI | C52: Guardian Micro Life Insurance Limited | D52: 45697 | E52: 45725 | F52: 331.1 | G52: 1839.4 | H52: 1 months | I52: 455.54
A53: =ROW()-1 -> 52 | B53: NMIC | C53: Nepal Micro Insurance Company Limited | D53: 45755 | E53: 45785 | F53: 332.5 | G53: 2234.2 | H53: 1 months | I53: 571.94
A54: =ROW()-1 -> 53 | B54: CREST | C54: Crest Micro Life Insurance Limited | D54: 45757 | E54: 45787 | F54: 332.7 | G54: 2031.7 | H54: 1 months | I54: 455.15
A55: =ROW()-1 -> 54 | B55: OMPL | C55: Om Megashree Pharmaceuticals Limited | D55: 45781 | E55: 45812 | F55: 297 | G55: 1994.7 | H55: 1 months | I55: 571.62
A56: =ROW()-1 -> 55 | B56: PURE | C56: Pure Energy Limited | D56: 45804 | E56: 45835 | F56: 318.2 | G56: 912.83 | H56: 1 months | I56: 196.34
A57: =ROW()-1 -> 56 | B57: TTL | C57: Trade Tower Limited | D57: 45855 | E57: 45886 | F57: 402.7 | G57: 883.45 | H57: 1 months | I57: 119.38
A58: =ROW()-1 -> 57 | B58: SANVI | C58: Sanvi Energy Limited | D58: 45858 | E58: 45889 | F58: 394.9 | G58: 722.74 | H58: 1 months | I58: 83.02
A59: =ROW()-1 -> 58 | B59: BHCL | C59: Bikash Hydropower Company Limited | D59: 45889 | E59: 45920 | F59: 321.3 | G59: 437.52 | H59: 1 months | I59: 29.47
A60: =ROW()-1 -> 59 | B60: HIMSTAR | C60: Him Star Urja Company Limited | D60: 45901 | E60: 45931 | F60: 267.5 | G60: 651.1 | H60: 1 months | I60: 157.2
A61: =ROW()-1 -> 60 | B61: MABEL | C61: Mabilung Energy Limited | D61: 45965 | E61: 45995 | F61: 349.4 | G61: 720 | H61: 1 months | I61: 121.52
A62: =ROW()-1 -> 61 | B62: DHEL | C62: Daramkhola Hydro Energy Limited | D62: 45967 | E62: 45997 | F62: 442.4 | G62: 590 | H62: 1 months | I62: 40.66
... A71: =ROW()-1 -> 70 | B71: SABBL | C71: Salapa Bikas Bank Limited | D71: 46069 | E71: 46097 | F71: 330 | G71: 1147.7 | H71: 1 months | I71: 247.79
H72: Avg Return % | I72: =AVERAGE(I2:I71) -> 109.87536
H73: CAGR | I73: =((1+I72/100)^(365/30)-1)*100 -> 826314.16
H74: Median | I74: =MEDIAN(I2:I71) -> 29.47

Sheet 45_days
A1: # | B1: Ticker | C1: Name | D1: Listing_Date | E1: Window_End | F1: Listing_price | G1: End_price | H1: Time Frame | I1: Total_Return_%
A2: =ROW()-1 -> 1 | B2: PPL | C2: People's Power Limited | D2: 44850 | E2: 44895 | F2: 255.7 | G2: 208 | H2: 45 days | I2: -18.65
A3: =ROW()-1 -> 2 | B3: SPHL | C3: Sayapatri Hydropower Limited | D3: 44851 | E3: 44896 | F3: 214.2 | G3: 355 | H3: 45 days | I3: 65.73
A4: =ROW()-1 -> 3 | B4: SIKLES | C4: Sikles Hydropower Limited | D4: 44880 | E4: 44925 | F4: 321 | G4: 425 | H4: 45 days | I4: 25.48
A5: =ROW()-1 -> 4 | B5: EHPL | C5: Eastern Hydropower Limited | D5: 44909 | E5: 44954 | F5: 237.6 | G5: 451.5 | H5: 45 days | I5: 72.77
A6: =ROW()-1 -> 5 | B6: PHCL | C6: Peoples Hydropower Company Limited | D6: 44909 | E6: 44954 | F6: 270 | G6: 361.8 | H6: 45 days | I6: 37.04
A7: =ROW()-1 -> 6 | B7: SHLB | C7: Shrijanshil Laghubitta Bittiya Sanstha Limited | D7: 44915 | E7: 44960 | F7: 996.6 | G7: 2221 | H7: 45 days | I7: 122.96
A8: =ROW()-1 -> 7 | B8: BHPL | C8: Barahi Hydropower Public Limited | D8: 44930 | E8: 44975 | F8: 213.7 | G8: 610 | H8: 45 days | I8: 199.49
A9: =ROW()-1 -> 8 | B9: SMHL | C9: Super Madi Hydropower Limited | D9: 44990 | E9: 45035 | F9: 328.9 | G9: 399.9 | H9: 45 days | I9: 21.59
A10: =ROW()-1 -> 9 | B10: SPL | C10: Shuvam Power Limited | D10: 44992 | E10: 45037 | F10: 291.5 | G10: 550 | H10: 45 days | I10: 88.61
A11: =ROW()-1 -> 10 | B11: MKHC | C11: Maya Khola Hydropower Company Limited | D11: 45007 | E11: 45052 | F11: 292 | G11: 256 | H11: 45 days | I11: -8.22
A12: =ROW()-1 -> 11 | B12: AHL | C12: Asian Hydropower Limited | D12: 45008 | E12: 45053 | F12: 328.6 | G12: 347.8 | H12: 45 days | I12: 5.84
A13: =ROW()-1 -> 12 | B13: KDL | C13: Kalinchowk Darshan Limited | D13: 45008 | E13: 45053 | F13: 139.7 | G13: 713 | H13: 45 days | I13: 410.38
... A49: =ROW()-1 -> 48 | B49: VLUCL | C49: Vision Lumbini Urja Company Limited | D49: 45281 | E49: 45326 | F49: 401.8 | G49: 501.2 | H49: 45 days | I49: 24.74
A50: =ROW()-1 -> 49 | B50: HRL | C50: Himalayan Reinsurance Limited | D50: 45299 | E50: 45359 | F50: 340.1 | G50: 624 | H50: 45 days
A51: =ROW()-1 -> 50 | B51: SARBTM | C51: Sarbottam Cement Limited | D51: 45370 | E51: 45415 | F51: 611.6 | G51: 766 | H51: 45 days | I51: 29.33
A52: =ROW()-1 -> 51 | B52: GMLI | C52: Guardian Micro Life Insurance Limited | D52: 45697 | E52: 45742 | F52: 331.1 | G52: 2286.16 | H52: 45 days | I52: 590.47
A53: =ROW()-1 -> 52 | B53: NMIC | C53: Nepal Micro Insurance Company Limited | D53: 45755 | E53: 45800 | F53: 332.5 | G53: 1992.7 | H53: 45 days | I53: 498.06
A54: =ROW()-1 -> 53 | B54: CREST | C54: Crest Micro Life Insurance Limited | D54: 45757 | E54: 45802 | F54: 332.7 | G54: 1870.84 | H54: 45 days | I54: 462.32
A55: =ROW()-1 -> 54 | B55: OMPL | C55: Om Megashree Pharmaceuticals Limited | D55: 45781 | E55: 45826 | F55: 297 | G55: 1405.88 | H55: 45 days | I55: 373.36
A56: =ROW()-1 -> 55 | B56: PURE | C56: Pure Energy Limited | D56: 45804 | E56: 45849 | F56: 318.2 | G56: 882.17 | H56: 45 days | I56: 179.34
A57: =ROW()-1 -> 56 | B57: TTL | C57: Trade Tower Limited | D57: 45855 | E57: 45900 | F57: 402.7 | G57: 853.49 | H57: 45 days | I57: 111.94
A58: =ROW()-1 -> 57 | B58: SANVI | C58: Sanvi Energy Limited | D58: 45858 | E58: 45903 | F58: 394.9 | G58: 650.32 | H58: 45 days | I58: 64.68
A59: =ROW()-1 -> 58 | B59: BHCL | C59: Bikash Hydropower Company Limited | D59: 45889 | E59: 45934 | F59: 321.3 | G59: 444.9 | H59: 45 days | I59: 42.86
A60: =ROW()-1 -> 59 | B60: HIMSTAR | C60: Him Star Urja Company Limited | D60: 45901 | E60: 45946 | F60: 267.5 | G60: 602 | H60: 45 days | I60: 125.05
A61: =ROW()-1 -> 60 | B61: MABEL | C61: Mabilung Energy Limited | D61: 45965 | E61: 46010 | F61: 349.4 | G61: 688 | H61: 45 days | I61: 99.74
A62: =ROW()-1 -> 61 | B62: DHEL | C62: Daramkhola Hydro Energy Limited | D62: 45967 | E62: 46012 | F62: 442.4 | G62: 559.2 | H62: 45 days | I62: 26.4
... A71: =ROW()-1 -> 70 | B71: SABBL | C71: Salapa Bikas Bank Limited | D71: 46069 | E71: 46114 | F71: 330 | G71: 1540 | H71: 45 days | I71: 366.67
H72: Avg Return % | I72: =AVERAGE(I28:I71) -> 140.26698
H73: CAGR | I73: =((1+I72/100)^(365/45)-1)*100 -> 122319.9
H74: Median | I74: =MEDIAN(I2:I71) -> 34.82

Sheet 2_months
A1: # | B1: Ticker | C1: Name | D1: Listing_Date | E1: Window_End | F1: Listing_price | G1: End_price | H1: Time Frame | I1: Total_Return_%
A2: =ROW()-1 -> 1 | B2: PPL | C2: People's Power Limited | D2: 44850 | E2: 44911 | F2: 255.7 | G2: 198 | H2: 2 months | I2: -21.78
A3: =ROW()-1 -> 2 | B3: SPHL | C3: Sayapatri Hydropower Limited | D3: 44851 | E3: 44912 | F3: 214.2 | G3: 349 | H3: 2 months | I3: 63.4
A4: =ROW()-1 -> 3 | B4: SIKLES | C4: Sikles Hydropower Limited | D4: 44880 | E4: 44941 | F4: 321 | G4: 462 | H4: 2 months | I4: 34.58
A5: =ROW()-1 -> 4 | B5: EHPL | C5: Eastern Hydropower Limited | D5: 44909 | E5: 44971 | F5: 237.6 | G5: 488.5 | H5: 2 months | I5: 105.6
A6: =ROW()-1 -> 5 | B6: PHCL | C6: Peoples Hydropower Company Limited | D6: 44909 | E6: 44971 | F6: 270 | G6: 375 | H6: 2 months | I6: 38.89
A7: =ROW()-1 -> 6 | B7: SHLB | C7: Shrijanshil Laghubitta Bittiya Sanstha Limited | D7: 44915 | E7: 44977 | F7: 996.6 | G7: 2040 | H7: 2 months | I7: 104.7
A8: =ROW()-1 -> 7 | B8: BHPL | C8: Barahi Hydropower Public Limited | D8: 44930 | E8: 44989 | F8: 213.7 | G8: 539 | H8: 2 months | I8: 164.81
A9: =ROW()-1 -> 8 | B9: SMHL | C9: Super Madi Hydropower Limited | D9: 44990 | E9: 45051 | F9: 328.9 | G9: 382 | H9: 2 months | I9: 18.58
A10: =ROW()-1 -> 9 | B10: SPL | C10: Shuvam Power Limited | D10: 44992 | E10: 45053 | F10: 291.5 | G10: 519 | H10: 2 months | I10: 78.04
A11: =ROW()-1 -> 10 | B11: MKHC | C11: Maya Khola Hydropower Company Limited | D11: 45007 | E11: 45068 | F11: 292 | G11: 259 | H11: 2 months | I11: -11.3
A12: =ROW()-1 -> 11 | B12: AHL | C12: Asian Hydropower Limited | D12: 45008 | E12: 45069 | F12: 328.6 | G12: 365 | H12: 2 months | I12: 11.08
A13: =ROW()-1 -> 12 | B13: KDL | C13: Kalinchowk Darshan Limited | D13: 45008 | E13: 45069 | F13: 139.7 | G13: 778 | H13: 2 months | I13: 456.91
... A71: =ROW()-1 -> 70 | B71: SABBL | C71: Salapa Bikas Bank Limited | D71: 46069 | E71: 46128 | F71: 330 | G71: 1517 | H71: 2 months | I71: 359.7
H72: Avg Return % | I72: =AVERAGE(I2:I71) -> 119.11186
H73: CAGR | I73: =((1+I72/100)^(365/60)-1)*100 -> 11713.65
H74: Median | I74: =MEDIAN(I2:I71) -> 40.615

Sheet 4 months 
A1: # | B1: Ticker | C1: Name | D1: Listing_Date | E1: Window_End | F1: Listing_price | G1: End_price | H1: Time Frame | I1: Total_Return_%
A2: =ROW()-1 -> 1 | B2: PPL | C2: People's Power Limited | D2: 44850 | E2: 44973 | F2: 255.7 | G2: 297 | H2: 0.34 | I2: 16.15
A3: =ROW()-1 -> 2 | B3: SPHL | C3: Sayapatri Hydropower Limited | D3: 44851 | E3: 44974 | F3: 214.2 | G3: 470 | H3: 0.33 | I3: 124.09
A4: =ROW()-1 -> 3 | B4: SIKLES | C4: Sikles Hydropower Limited | D4: 44880 | E4: 45000 | F4: 321 | G4: 449 | H4: 0.33 | I4: 39.88
A5: =ROW()-1 -> 4 | B5: EHPL | C5: Eastern Hydropower Limited | D5: 44909 | E5: 45030 | F5: 237.6 | G5: 415 | H5: 0.33 | I5: 74.07
A6: =ROW()-1 -> 5 | B6: PHCL | C6: Peoples Hydropower Company Limited | D6: 44909 | E6: 45030 | F6: 270 | G6: 334 | H6: 0.33 | I6: 24.78
A7: =ROW()-1 -> 6 | B7: SHLB | C7: Shrijanshil Laghubitta Bittiya Sanstha Limited | D7: 44915 | E7: 45036 | F7: 996.6 | G7: 1214 | H7: 0.33 | I7: 21.81
A8: =ROW()-1 -> 7 | B8: BHPL | C8: Barahi Hydropower Public Limited | D8: 44930 | E8: 45050 | F8: 213.7 | G8: 441 | H8: 0.33 | I8: 106.36
A9: =ROW()-1 -> 8 | B9: SMHL | C9: Super Madi Hydropower Limited | D9: 44990 | E9: 45112 | F9: 328.9 | G9: 406.9 | H9: 0.33 | I9: 23.72
A10: =ROW()-1 -> 9 | B10: SPL | C10: Shuvam Power Limited | D10: 44992 | E10: 45114 | F10: 291.5 | G10: 765 | H10: 0.33 | I10: 162.3
A11: =ROW()-1 -> 10 | B11: MKHC | C11: Maya Khola Hydropower Company Limited | D11: 45007 | E11: 45129 | F11: 292 | G11: 239.9 | H11: 0.33 | I11: -19.25
A12: =ROW()-1 -> 11 | B12: AHL | C12: Asian Hydropower Limited | D12: 45008 | E12: 45130 | F12: 328.6 | G12: 345 | H12: 0.33 | I12: 4.99
A13: =ROW()-1 -> 12 | B13: KDL | C13: Kalinchowk Darshan Limited | D13: 45008 | E13: 45130 | F13: 139.7 | G13: 1029.9 | H13: 0.33 | I13: 637.22
... A71: =ROW()-1 -> 70 | B71: SABBL | C71: Salapa Bikas Bank Limited | D71: 46069 | E71: 46151 | F71: 330 | G71: 1235 | H71: 0.22 | I71: 274.24
H72: Avg Return % | I72: =SUMPRODUCT(H2:H71,I2:I71)/SUM(H2:H71) -> 126.13686
H73: CAGR | I73: =((1+I72/100)^(365/120)-1)*100 -> 1096.4087
H74: Median | I74: =MEDIAN(I2:I71) -> 61.415

Sheet 6_months
A1: # | B1: Ticker | C1: Name | D1: Listing_Date | E1: Window_End | F1: Listing_price | G1: End_price | H1: Time Frame | I1: Total_Return_%
A2: =ROW()-1 -> 1 | B2: PPL | C2: People's Power Limited | D2: 44850 | E2: 45032 | F2: 255.7 | G2: 299 | H2: 6 months | I2: 16.93
A3: =ROW()-1 -> 2 | B3: SPHL | C3: Sayapatri Hydropower Limited | D3: 44851 | E3: 45033 | F3: 214.2 | G3: 408 | H3: 6 months | I3: 90.48
A4: =ROW()-1 -> 3 | B4: SIKLES | C4: Sikles Hydropower Limited | D4: 44880 | E4: 45061 | F4: 321 | G4: 389.7 | H4: 6 months | I4: 24.68
A5: =ROW()-1 -> 4 | B5: EHPL | C5: Eastern Hydropower Limited | D5: 44909 | E5: 45091 | F5: 237.6 | G5: 372.1 | H5: 6 months | I5: 56.61
A6: =ROW()-1 -> 5 | B6: PHCL | C6: Peoples Hydropower Company Limited | D6: 44909 | E6: 45091 | F6: 270 | G6: 359 | H6: 6 months | I6: 32.96
A7: =ROW()-1 -> 6 | B7: SHLB | C7: Shrijanshil Laghubitta Bittiya Sanstha Limited | D7: 44915 | E7: 45097 | F7: 996.6 | G7: 1141 | H7: 6 months | I7: 14.49
A8: =ROW()-1 -> 7 | B8: BHPL | C8: Barahi Hydropower Public Limited | D8: 44930 | E8: 45111 | F8: 213.7 | G8: 466 | H8: 6 months | I8: 118.06
A9: =ROW()-1 -> 8 | B9: SMHL | C9: Super Madi Hydropower Limited | D9: 44990 | E9: 45174 | F9: 328.9 | G9: 333 | H9: 6 months | I9: 1.25
A10: =ROW()-1 -> 9 | B10: SPL | C10: Shuvam Power Limited | D10: 44992 | E10: 45176 | F10: 291.5 | G10: 691 | H10: 6 months | I10: 137.05
A11: =ROW()-1 -> 10 | B11: MKHC | C11: Maya Khola Hydropower Company Limited | D11: 45007 | E11: 45191 | F11: 292 | G11: 206.3 | H11: 6 months | I11: -25.34
A12: =ROW()-1 -> 11 | B12: AHL | C12: Asian Hydropower Limited | D12: 45008 | E12: 45192 | F12: 328.6 | G12: 356.4 | H12: 6 months | I12: -1.4
A13: =ROW()-1 -> 12 | B13: KDL | C13: Kalinchowk Darshan Limited | D13: 45008 | E13: 45192 | F13: 139.7 | G13: 855.1 | H13: 6 months | I13: 524.91
... A71: =ROW()-1 -> 70 | B71: SABBL | C71: Salapa Bikas Bank Limited | D71: 46069 | E71: 46151 | F71: 330 | G71: 1235 | H71: 6 months | I71: 274.24
H72: Avg Return % | I72: =AVERAGE(I2:I71) -> 118.98814
H73: CAGR | I73: =((1+I72/100)^(365/180)-1)*100 -> 390.11425
H74: Median | I74: =MEDIAN(I2:I71) -> 64.795

Sheet 1_year
A1: # | B1: Ticker | C1: Name | D1: Listing_Date | E1: Window_End | F1: Listing_price | G1: End_price | H1: Time Frame | I1: Total_Return_%
A2: =ROW()-1 -> 1 | B2: PPL | C2: People's Power Limited | D2: 44850 | E2: 45215 | F2: 255.7 | G2: 214 | H2: 1 year | I2: -16.31
A3: =ROW()-1 -> 2 | B3: SPHL | C3: Sayapatri Hydropower Limited | D3: 44851 | E3: 45216 | F3: 214.2 | G3: 516.1 | H3: 1 year | I3: 140.94
A4: =ROW()-1 -> 3 | B4: SIKLES | C4: Sikles Hydropower Limited | D4: 44880 | E4: 45245 | F4: 321 | G4: 345.3 | H4: 1 year | I4: 8.26
A5: =ROW()-1 -> 4 | B5: EHPL | C5: Eastern Hydropower Limited | D5: 44909 | E5: 45274 | F5: 237.6 | G5: 348 | H5: 1 year | I5: 46.46
A6: =ROW()-1 -> 5 | B6: PHCL | C6: Peoples Hydropower Company Limited | D6: 44909 | E6: 45274 | F6: 270 | G6: 269.3 | H6: 1 year | I6: -0.26
A7: =ROW()-1 -> 6 | B7: SHLB | C7: Shrijanshil Laghubitta Bittiya Sanstha Limited | D7: 44915 | E7: 45280 | F7: 996.6 | G7: 1031 | H7: 1 year | I7: 3.45
A8: =ROW()-1 -> 7 | B8: BHPL | C8: Barahi Hydropower Public Limited | D8: 44930 | E8: 45295 | F8: 213.7 | G8: 443 | H8: 1 year | I8: 107.3
A9: =ROW()-1 -> 8 | B9: SMHL | C9: Super Madi Hydropower Limited | D9: 44990 | E9: 45356 | F9: 328.9 | G9: 445.2 | H9: 1 year | I9: 35.97
A10: =ROW()-1 -> 9 | B10: SPL | C10: Shuvam Power Limited | D10: 44992 | E10: 45358 | F10: 291.5 | G10: 664 | H10: 1 year | I10: 127.79
A11: =ROW()-1 -> 10 | B11: MKHC | C11: Maya Khola Hydropower Company Limited | D11: 45007 | E11: 45373 | F11: 292 | G11: 290 | H11: 1 year | I11: -2.05
A12: =ROW()-1 -> 11 | B12: AHL | C12: Asian Hydropower Limited | D12: 45008 | E12: 45374 | F12: 328.6 | G12: 427 | H12: 1 year | I12: 32.99
A13: =ROW()-1 -> 12 | B13: KDL | C13: Kalinchowk Darshan Limited | D13: 45008 | E13: 45374 | F13: 139.7 | G13: 775 | H13: 1 year | I13: 465.5
... A71: =ROW()-1 -> 70 | B71: SABBL | C71: Salapa Bikas Bank Limited | D71: 46069 | E71: 46151 | F71: 330 | G71: 1235 | H71: 1 year | I71: 274.24
H72: Avg Return % | I72: =AVERAGE(I2:I71) -> 151.74643
H73: CAGR | I73: =((1+I72/100)^(365/365)-1)*100 -> 151.74643
H74: Median | I74: =MEDIAN(I2:I71) -> 83.465
